"Decide Whether to Lease or Buy a Car","Decide Whether to Lease or Buy a Car"
"Sell Season Tickets on StubHub.com","Sell Season Tickets on StubHub.com"
"Redo Typing in Windows","Redo Typing in Windows"
"Create a Brand Positioning for a Small Business","Create a Brand Positioning for a Small Business"
"Use Mozilla Firefox","Use Mozilla Firefox"
"View Google PageRank and Alexa Rank in Firefox","View Google PageRank and Alexa Rank in Firefox"
"Send Long URLs Over Email","Send Long URLs Over Email"
"Use X 10 Lamp or Appliance Control Module with an IR Remote","Use X 10 Lamp or Appliance Control Module with an IR Remote"
"Use the Sage RSS Reader for Firefox","Use the Sage RSS Reader for Firefox"
"Season Firewood","Season Firewood"
"Avoid Registration in a Website Using BugMeNot","Avoid Registration in a Website Using BugMeNot"
"Check all Play Boxes in iTunes","Check all Play Boxes in iTunes"
"Build A Darkroom","Build A Darkroom"
"Create a Baby Monitor with a Cell Phone","Create a Baby Monitor with a Cell Phone"
"Select a Room at the Turtle Bay Resort in Oahu%2C Hawaii","Select a Room at the Turtle Bay Resort in Oahu%2C Hawaii"
"Pack a Surfboard for Travel","Pack a Surfboard for Travel"
"Longboard on the North Shore of Oahu","Longboard on the North Shore of Oahu"
"Soothe a Teething Baby","Soothe a Teething Baby"
"Find a Pickup Basketball Game","Find a Pickup Basketball Game"
"Update Your FasTrak Account","Update Your FasTrak Account"
"Register With Fastrack","Register With Fastrack"
"Make Your DirecTV Tivo work with Vonage VOIP service","Make Your DirecTV Tivo work with Vonage VOIP service"
"Add an HP Printer to a Wireless Network","Add an HP Printer to a Wireless Network"
"Calculate the Day of the Week in Excel","Calculate the Day of the Week in Excel"
"Force Windows Explorer to Start in the Folder You Want","Force Windows Explorer to Start in the Folder You Want"
"Calculate Pot and Hand Odds in Limit Hold %27Em Poker","Calculate Pot and Hand Odds in Limit Hold %27Em Poker"
"Program a Lux Thermostat","Program a Lux Thermostat"
"Configure a Modem to Make DirecTV work with Vonage VOIP Service","Configure a Modem to Make DirecTV work with Vonage VOIP Service"
"Use PayPal to Accept Credit Card Payments","Use PayPal to Accept Credit Card Payments"
"Remove a Sticker from Glass","Remove a Sticker from Glass"
"Remove Wallpaper with the DIF Method","Remove Wallpaper with the DIF Method"
"Sandbox","Sandbox"
"Destroy a CD or DVD","Destroy a CD or DVD"
"Start a Blog","Start a Blog"
"Burn ISO Files on CD Using Nero 5","Burn ISO Files on CD Using Nero 5"
"Meet New Friends at the Pub","Meet New Friends at the Pub"
"Find a Date Online","Find a Date Online"
"Get Help for Dogs with Canine Epilepsy","Get Help for Dogs with Canine Epilepsy"
"Change the Timezone in Linux","Change the Timezone in Linux"
"Buy a Video Card For Your PC","Buy a Video Card For Your PC"
"Buy a PVR TV Tuner Card For Your PC","Buy a PVR TV Tuner Card For Your PC"
"Set Outlook Express To Leave Email Messages On The Server","Set Outlook Express To Leave Email Messages On The Server"
"Set Discrete Inputs for a Panasonic Plasma TV","Set Discrete Inputs for a Panasonic Plasma TV"
"Download Mail for an Imap Account Using Outlook","Download Mail for an Imap Account Using Outlook"
"Use Honey in the Bath","Use Honey in the Bath"
"Research and Review an Online Date","Research and Review an Online Date"
"Wall Mount a Plasma TV","Wall Mount a Plasma TV"
"Develop Good Soccer Dribbling Skills","Develop Good Soccer Dribbling Skills"
"Dribble a Soccer Ball Past an Opponent","Dribble a Soccer Ball Past an Opponent"
"Make a Play Telephone","Make a Play Telephone"
"Clean Hairbrushes and Combs","Clean Hairbrushes and Combs"
"Organize a Teen%27s Closet","Organize a Teen%27s Closet"
"Shop for Gerbils","Shop for Gerbils"
"Care for Gerbils","Care for Gerbils"
"Tame Your Gerbils","Tame Your Gerbils"
"Determine Whether to Have Your Rabbit Neutered","Determine Whether to Have Your Rabbit Neutered"
"Make Vegetable Biryani","Make Vegetable Biryani"
"Train Someone to Do Your Job","Train Someone to Do Your Job"
"Make Natural Herbal Oil","Make Natural Herbal Oil"
"Remove a Sticker from Plastic","Remove a Sticker from Plastic"
"Grab More Giggles and Go","Grab More Giggles and Go"
"Have Fun on Super Bowl Sunday if You%27re a Girl","Have Fun on Super Bowl Sunday if You%27re a Girl"
"Sled Without Snow","Sled Without Snow"
"Make Chimichangas","Make Chimichangas"
"Reorganize a File Cabinet","Reorganize a File Cabinet"
"Stencil a T Shirt","Stencil a T Shirt"
"Have a Rebound Relationship","Have a Rebound Relationship"
"Get a Guy to Stop Calling You","Get a Guy to Stop Calling You"
"Make a Pi%C3%B1ata","Make a Pi%C3%B1ata"
"Get a Job Working for a Rock Band","Get a Job Working for a Rock Band"
"Make 3D Photos","Make 3D Photos"
"Prepare for a Behavioral Interview","Prepare for a Behavioral Interview"
"Make Paper from Old Scrap Paper","Make Paper from Old Scrap Paper"
"Make Crispy Cookies","Make Crispy Cookies"
"Tell Henry VIII%27s Wives Apart","Tell Henry VIII%27s Wives Apart"
"Make a Chicago Hot Dog","Make a Chicago Hot Dog"
"Get Started on a Low Carb Diet","Get Started on a Low Carb Diet"
"Win a Swordfight","Win a Swordfight"
"Make Risotto","Make Risotto"
"Request a New Article Topic Be Written on wikiHow","Request a New Article Topic Be Written on wikiHow"
"Understand Compression and Power Systems in Small Engines","Understand Compression and Power Systems in Small Engines"
"Write a Love Poem","Write a Love Poem"
"Write a Famous Blog","Write a Famous Blog"
"Bake a Winter Squash","Bake a Winter Squash"
"View an Art Exhibit","View an Art Exhibit"
"Clean a Five Gallon Fish Tank","Clean a Five Gallon Fish Tank"
"Ready Your Five Year Old Daughter for Ballet Class","Ready Your Five Year Old Daughter for Ballet Class"
"Give a Great Gift to Someone","Give a Great Gift to Someone"
"Pet a High Strung Cat","Pet a High Strung Cat"
"Prune a Tree","Prune a Tree"
"Handle Your Child%27s Temper Tantrum","Handle Your Child%27s Temper Tantrum"
"Plant a Bare Root Tree","Plant a Bare Root Tree"
"Order Coffee","Order Coffee"
"Get Rid of Ants","Get Rid of Ants"
"Make Fried Chicken with Buttermilk and Tarragon","Make Fried Chicken with Buttermilk and Tarragon"
"Repair a Swimming Pool Vinyl Liner","Repair a Swimming Pool Vinyl Liner"
"Organize Your Digital Photos","Organize Your Digital Photos"
"Find Grants","Find Grants"
"Style Curly Hair","Style Curly Hair"
"Make Your Own Tortillas","Make Your Own Tortillas"
"Start a Freelance Copywriting Business","Start a Freelance Copywriting Business"
"Find Karaoke in Any Town or City","Find Karaoke in Any Town or City"
"Hail a Cab","Hail a Cab"
"Make Cute Tea Party Invitations","Make Cute Tea Party Invitations"
"Start a Non Profit Literary Magazine","Start a Non Profit Literary Magazine"
"Get Started in Amateur Astronomy","Get Started in Amateur Astronomy"
"Avoid Being Affected by Insulting Commentary","Avoid Being Affected by Insulting Commentary"
"Cook Arepas","Cook Arepas"
"Relax Using the Feather Method","Relax Using the Feather Method"
"Find a Mate Online","Find a Mate Online"
"Cast With a Surf Rod on a Beach","Cast With a Surf Rod on a Beach"
"Drive a Woodscrew","Drive a Woodscrew"
"Start a Bonsai Tree","Start a Bonsai Tree"
"Repair a Broken Sprinkler Line","Repair a Broken Sprinkler Line"
"Make Your Own Bath Salts","Make Your Own Bath Salts"
"Install a Modem","Install a Modem"
"Repair Internet Explorer","Repair Internet Explorer"
"Use AOL Dictionary","Use AOL Dictionary"
"Start a Home Based Writing Business","Start a Home Based Writing Business"
"Make Puff Pastry","Make Puff Pastry"
"Throw a Progressive Dinner Party","Throw a Progressive Dinner Party"
"Win Your Fantasy Football League","Win Your Fantasy Football League"
"Start Your Own Exercise Regimen and Stick to It","Start Your Own Exercise Regimen and Stick to It"
"Beat Your Kids at Halo on Xbox","Beat Your Kids at Halo on Xbox"
"Feel Comfortable at a New Gym","Feel Comfortable at a New Gym"
"Skin Polish","Skin Polish"
"Avoid Getting a Computer Virus or Worm","Avoid Getting a Computer Virus or Worm"
"Break In a New English Saddle","Break In a New English Saddle"
"Remove Paint from Brass Fixtures","Remove Paint from Brass Fixtures"
"Encourage Your Child to Love Learning","Encourage Your Child to Love Learning"
"Audition For American Idol Without Making a Fool of Yourself","Audition For American Idol Without Making a Fool of Yourself"
"Stop Windshield Wiper Blades from Squeaking","Stop Windshield Wiper Blades from Squeaking"
"Connect TiVo to a WiFi Network","Connect TiVo to a WiFi Network"
"Change the Title of a wikiHow Article","Change the Title of a wikiHow Article"
"Make Healthy Dog Treats","Make Healthy Dog Treats"
"Take Erotic Photos of Yourself","Take Erotic Photos of Yourself"
"Reuse Broken Crayons","Reuse Broken Crayons"
"Grow a Cactus","Grow a Cactus"
"Grow Golden Barrel Cactus","Grow Golden Barrel Cactus"
"Serve Low Tea","Serve Low Tea"
"Decorate Your Toenails","Decorate Your Toenails"
"Read Tarot Cards","Read Tarot Cards"
"Make Martinis","Make Martinis"
"Play Auction Forty Fives","Play Auction Forty Fives"
"Grow Your DJ Business","Grow Your DJ Business"
"Make Your Own Beauty Products","Make Your Own Beauty Products"
"Hem Clothing by Hand","Hem Clothing by Hand"
"Break Into Show Business in Chicago","Break Into Show Business in Chicago"
"Choose Healthy Dog Food","Choose Healthy Dog Food"
"Bathe Like Ancient Kings and Queens","Bathe Like Ancient Kings and Queens"
"Use Ideas from Feng Shui Without Learning the Entire System","Use Ideas from Feng Shui Without Learning the Entire System"
"Replace an Old Lawn","Replace an Old Lawn"
"Create a Faux Paint Antique Finish","Create a Faux Paint Antique Finish"
"Check Your Hard Disk Space","Check Your Hard Disk Space"
"Get VIP Service from a Restaurant","Get VIP Service from a Restaurant"
"Make a Photo Slide Show With Music Using PhotoJam","Make a Photo Slide Show With Music Using PhotoJam"
"Whiten Teeth With Baking Soda","Whiten Teeth With Baking Soda"
"Crop and Re Size Photos at the Same Time Using Adobe Photoshop 7","Crop and Re Size Photos at the Same Time Using Adobe Photoshop 7"
"Travel by Air","Travel by Air"
"Select the Right Digital Camera","Select the Right Digital Camera"
"Make Your Own Underwater Aquarium Filter","Make Your Own Underwater Aquarium Filter"
"Make a Spongy Chocolate Cake","Make a Spongy Chocolate Cake"
"Make Chocolate Frosting","Make Chocolate Frosting"
"Make Chicken Soup","Make Chicken Soup"
"Make Mock Margaritas","Make Mock Margaritas"
"Roast Chestnuts","Roast Chestnuts"
"Make Sweet Onion Marmalade","Make Sweet Onion Marmalade"
"Scrunch Hair","Scrunch Hair"
"Officiate at a Nondenominational Funeral Service","Officiate at a Nondenominational Funeral Service"
"Make a Romantic Scrapbook","Make a Romantic Scrapbook"
"Make Better Muffins","Make Better Muffins"
"Poach an Egg","Poach an Egg"
"Start an Online Discussion Community","Start an Online Discussion Community"
"Audition with Confidence","Audition with Confidence"
"Grow Herb Gardens from Seed","Grow Herb Gardens from Seed"
"Import Pictures Using Picasa 2","Import Pictures Using Picasa 2"
"Publish Your Book in the New Age Market","Publish Your Book in the New Age Market"
"Get a Job for Which You Are Not Really Qualified","Get a Job for Which You Are Not Really Qualified"
"Complain and Get Results","Complain and Get Results"
"Play Broomball","Play Broomball"
"Understand the Rules of Broomball","Understand the Rules of Broomball"
"Remove an ATX Motherboard","Remove an ATX Motherboard"
"Get Your Credit Report for Free","Get Your Credit Report for Free"
"Enable Image Support for PHP","Enable Image Support for PHP"
"Understand the Basics of Car Maintenance","Understand the Basics of Car Maintenance"
"Build a Traveler Profile as a US Health and Human Services Employee","Build a Traveler Profile as a US Health and Human Services Employee"
"Play the Accordion","Play the Accordion"
"Travel With One Bag","Travel With One Bag"
"Use a French Press or Cafetiere","Use a French Press or Cafetiere"
"Steam Food in a Wok%2C Pan or Pot","Steam Food in a Wok%2C Pan or Pot"
"Call the USA from Spain","Call the USA from Spain"
"Use Rewards Programs to Maximum Capacity","Use Rewards Programs to Maximum Capacity"
"Handle a Bullying Boss","Handle a Bullying Boss"
"Break Up with Someone Using Style and Sensitivity","Break Up with Someone Using Style and Sensitivity"
"Perform the Balducci Levitation","Perform the Balducci Levitation"
"Paint Stainless Steel","Paint Stainless Steel"
"Accommodate Vegan and Vegetarian Guests","Accommodate Vegan and Vegetarian Guests"
"Start a Career in Film or Video Production","Start a Career in Film or Video Production"
"Be a Hospital Advocate","Be a Hospital Advocate"
"Host a Poker Tournament","Host a Poker Tournament"
"Cook White Rice Without a Rice Cooker","Cook White Rice Without a Rice Cooker"
"Make Valentine%27s Day More Meaningful","Make Valentine%27s Day More Meaningful"
"Recognize the Early Symptoms of Alzheimer%27s Disease","Recognize the Early Symptoms of Alzheimer%27s Disease"
"Get a Bartending Job","Get a Bartending Job"
"Curl Hair","Curl Hair"
"Find Values for Items Donated to Charities","Find Values for Items Donated to Charities"
"Buy a New Car","Buy a New Car"
"Find the Perfect Work at Home Opportunity","Find the Perfect Work at Home Opportunity"
"Make Biscuits","Make Biscuits"
"Get Started Trading Options","Get Started Trading Options"
"Buy a Suitable Road Bike","Buy a Suitable Road Bike"
"Get More out of wikiHow","Get More out of wikiHow"
"Switch from Yahoo%21 Mail to Gmail","Switch from Yahoo%21 Mail to Gmail"
"Care for a Hibernating Frog","Care for a Hibernating Frog"
"Hold a Bearded Dragon","Hold a Bearded Dragon"
"Make Black Eyed Peas Old Virginia Style","Make Black Eyed Peas Old Virginia Style"
"Paint with Smoke","Paint with Smoke"
"Upgrade to Internet Explorer 7","Upgrade to Internet Explorer 7"
"Clean Dishes on a Camping Trip","Clean Dishes on a Camping Trip"
"Crate Train Your Dog or Puppy","Crate Train Your Dog or Puppy"
"Teach Your Dog to Drop It","Teach Your Dog to Drop It"
"Make a Carrot Nut Cake","Make a Carrot Nut Cake"
"Make Hot Crab Dip","Make Hot Crab Dip"
"Audition for a Play or Movie","Audition for a Play or Movie"
"Hire an Appraiser","Hire an Appraiser"
"Get Baby Soft Skin","Get Baby Soft Skin"
"Widen the Compatibility of Your Palm Pilot","Widen the Compatibility of Your Palm Pilot"
"Make a Cream Cheese Crab Dip","Make a Cream Cheese Crab Dip"
"Win an Eating Contest","Win an Eating Contest"
"Find the Right Pet","Find the Right Pet"
"Use a RedyTemp Hot Water Recirculator to Prevent Pipes from Freezing","Use a RedyTemp Hot Water Recirculator to Prevent Pipes from Freezing"
"Find a Lost Dog","Find a Lost Dog"
"Organize Photos to Build a Video Scrapbook","Organize Photos to Build a Video Scrapbook"
"Use Text%2C Video and Voice Overs in a Video Scrapbook","Use Text%2C Video and Voice Overs in a Video Scrapbook"
"Make Paint Brushes Easier to Clean","Make Paint Brushes Easier to Clean"
"Run Away from an Abusive Home","Run Away from an Abusive Home"
"Hire a Gemologist%2FJewelry Appraiser","Hire a Gemologist%2FJewelry Appraiser"
"Stop Brain Freeze","Stop Brain Freeze"
"Prune Tecoma stans","Prune Tecoma stans"
"Fix the Skin Around Your Nails","Fix the Skin Around Your Nails"
"Select a Gift for a Guy","Select a Gift for a Guy"
"Find Games You Used to Play Online","Find Games You Used to Play Online"
"Drill Into Concrete","Drill Into Concrete"
"Select a Paying Webhost","Select a Paying Webhost"
"Use Sealing Wax with a Glue Gun","Use Sealing Wax with a Glue Gun"
"Protect Your Business Property Against Theft","Protect Your Business Property Against Theft"
"Develop a Stub Into a Better Article","Develop a Stub Into a Better Article"
"Make Adobe PDFs Load Faster in Mozilla Firefox","Make Adobe PDFs Load Faster in Mozilla Firefox"
"Take Control of Your Health","Take Control of Your Health"
"Ground Yourself to Avoid Destroying a Computer with Electrostatic Discharge","Ground Yourself to Avoid Destroying a Computer with Electrostatic Discharge"
"Kick Down a Door","Kick Down a Door"
"Play Guitar Like Eddie Van Halen","Play Guitar Like Eddie Van Halen"
"Care for a Hibernating Turtle","Care for a Hibernating Turtle"
"Write a Criticizing Letter","Write a Criticizing Letter"
"Wear a Polar Wearlink Heart Rate Transmitter","Wear a Polar Wearlink Heart Rate Transmitter"
"Become a Taoist","Become a Taoist"
"Knit the Garter Stitch","Knit the Garter Stitch"
"Find a Job if You Have a Disability","Find a Job if You Have a Disability"
"Kiss","Kiss"
"Ace a Test","Ace a Test"
"Make the Sports Team","Make the Sports Team"
"Make a Green Tea Face Mask","Make a Green Tea Face Mask"
"Get a Makeup Stain out of Clothes Without Washing","Get a Makeup Stain out of Clothes Without Washing"
"Make a Placemat Purse","Make a Placemat Purse"
"Change Your Desktop Background in Windows","Change Your Desktop Background in Windows"
"Design a CD Coaster","Design a CD Coaster"
"Roll a Cigar","Roll a Cigar"
"Make a Power Smoothie","Make a Power Smoothie"
"Blow Out Eggs","Blow Out Eggs"
"Pack an Asymmetric Spinnaker","Pack an Asymmetric Spinnaker"
"Remove Blood Stains","Remove Blood Stains"
"Learn All About Polymer Clay","Learn All About Polymer Clay"
"Walk a Dog","Walk a Dog"
"Ignore People You No Longer Wish to Be Around","Ignore People You No Longer Wish to Be Around"
"Spell Check Text Input Boxes for Forums%2C Blogs%2C wikiHows and More","Spell Check Text Input Boxes for Forums%2C Blogs%2C wikiHows and More"
"Play Bullshit","Play Bullshit"
"Interpret Your Dreams","Interpret Your Dreams"
"Lower Your Cholesterol","Lower Your Cholesterol"
"Purchase a Ham Online","Purchase a Ham Online"
"Block and Accept Cookies in Internet Explorer","Block and Accept Cookies in Internet Explorer"
"Make a Hair Roll","Make a Hair Roll"
"Upload Your Image to wikiHow","Upload Your Image to wikiHow"
"Install a Spell Checker Into Firefox","Install a Spell Checker Into Firefox"
"Save Time and Money on Faxing","Save Time and Money on Faxing"
"Get Wax Out of a Jar Candle","Get Wax Out of a Jar Candle"
"Have the Best Grip for a Catcher Throwdown","Have the Best Grip for a Catcher Throwdown"
"Have a Successful Day of Shopping","Have a Successful Day of Shopping"
"Care for a Neglected Dog","Care for a Neglected Dog"
"Do a Basketball Hop Step","Do a Basketball Hop Step"
"Hook up Your iPod to a Car Stereo","Hook up Your iPod to a Car Stereo"
"Get the Dash off of a 1998 Pontiac Grand Prix","Get the Dash off of a 1998 Pontiac Grand Prix"
"Find a Property Appraiser","Find a Property Appraiser"
"Make Islam Part of Your Life","Make Islam Part of Your Life"
"Beat a Friend in Halo Blood Gulch","Beat a Friend in Halo Blood Gulch"
"Build a Tumbling Composter","Build a Tumbling Composter"
"Become a Christian According to the Bible","Become a Christian According to the Bible"
"Remove a Cigarillo Filter","Remove a Cigarillo Filter"
"Use a Telescope","Use a Telescope"
"Grow Basil","Grow Basil"
"Fix a Stripped Screw Hole","Fix a Stripped Screw Hole"
"Make a Paper Army Tank","Make a Paper Army Tank"
"Print Pages from the Citibank Website","Print Pages from the Citibank Website"
"Fight Jaundice in a Newborn","Fight Jaundice in a Newborn"
"Choose a 529 Account","Choose a 529 Account"
"Install Deck Piers","Install Deck Piers"
"Align a Photo in wikiHow","Align a Photo in wikiHow"
"Contribute to wikiHow","Contribute to wikiHow"
"Get Over a Break Up","Get Over a Break Up"
"Improve Your Spinnerbait Cast","Improve Your Spinnerbait Cast"
"Cut Glass","Cut Glass"
"Remove Mold Stains from Wood Floors","Remove Mold Stains from Wood Floors"
"Eliminate Annoying Beeps and Drop Outs on Your Cordless Phone","Eliminate Annoying Beeps and Drop Outs on Your Cordless Phone"
"Remove Stubborn Ring Around the Collar","Remove Stubborn Ring Around the Collar"
"Endorse a Check","Endorse a Check"
"Do Sit Ups","Do Sit Ups"
"Make a Webcam Into an Infrared Camera","Make a Webcam Into an Infrared Camera"
"Sew a Button","Sew a Button"
"Cook Pasta","Cook Pasta"
"Change a Franke Triflow Water Filter Cartridge","Change a Franke Triflow Water Filter Cartridge"
"Heat Brownies","Heat Brownies"
"Write a Poem","Write a Poem"
"Deal With an Adult%27s Temper Tantrum","Deal With an Adult%27s Temper Tantrum"
"Get Your Car Problems Sorted if You Know Nothing About Cars","Get Your Car Problems Sorted if You Know Nothing About Cars"
"Have Courage","Have Courage"
"Live More Safely at Home","Live More Safely at Home"
"Get Imagemagick to Work With Gallery Remote","Get Imagemagick to Work With Gallery Remote"
"Write a Letter for Change of Address","Write a Letter for Change of Address"
"Remove a Background from the Desktop Background List","Remove a Background from the Desktop Background List"
"Take out the Trash","Take out the Trash"
"Get Rid of Raccoons","Get Rid of Raccoons"
"Find out What Kind of Business to Start","Find out What Kind of Business to Start"
"Recycle","Recycle"
"Make Poom Soup","Make Poom Soup"
"Make Your Own Lineman%27s Telephone","Make Your Own Lineman%27s Telephone"
"Play with Your Dog","Play with Your Dog"
"Change a Digital Picture from Color to Black and White","Change a Digital Picture from Color to Black and White"
"Make and Print Birth Announcements","Make and Print Birth Announcements"
"Create and Install Symbols on Microsoft Word","Create and Install Symbols on Microsoft Word"
"Calculate WHIP %28Walks and Hits Per Innings Pitched%29","Calculate WHIP %28Walks and Hits Per Innings Pitched%29"
"Clean Diamond Earrings","Clean Diamond Earrings"
"Clean Birthstone and Mother%27s Ring Jewelry","Clean Birthstone and Mother%27s Ring Jewelry"
"Shop for Emeralds","Shop for Emeralds"
"Choose a Platinum Ring","Choose a Platinum Ring"
"Create a Family Birthstone Ring for Your Mother","Create a Family Birthstone Ring for Your Mother"
"Become a Chef","Become a Chef"
"Get Rid of Garden Slugs","Get Rid of Garden Slugs"
"Make Tea With More Flavor","Make Tea With More Flavor"
"Dig Out a Basement in an Existing House","Dig Out a Basement in an Existing House"
"Pry off a Watch Backing Without Proper Tools","Pry off a Watch Backing Without Proper Tools"
"Degauss a Computer Monitor","Degauss a Computer Monitor"
"Find Flicker Flame Light Bulbs","Find Flicker Flame Light Bulbs"
"Restore a Blackened Cookie Sheet","Restore a Blackened Cookie Sheet"
"Inspect Your Suspension System","Inspect Your Suspension System"
"Listen to Podcasts using iPodder","Listen to Podcasts using iPodder"
"Flatten a Rolled Map or Poster","Flatten a Rolled Map or Poster"
"Mount a Map or Poster Without Damaging It","Mount a Map or Poster Without Damaging It"
"Change the Default Photo Display Program in Windows XP","Change the Default Photo Display Program in Windows XP"
"Persuade Someone to Write on wikiHow","Persuade Someone to Write on wikiHow"
"Stand Along the Key when Free Throws Are Made","Stand Along the Key when Free Throws Are Made"
"View Aerial Photography on the Internet","View Aerial Photography on the Internet"
"Wire a Phone Jack","Wire a Phone Jack"
"Install and Use Ad Aware for Spyware Removal","Install and Use Ad Aware for Spyware Removal"
"Use Henna for Skin","Use Henna for Skin"
"Care for a Henna Design","Care for a Henna Design"
"Make a Two Ingredient Chocolate Mousse","Make a Two Ingredient Chocolate Mousse"
"Insert Symbols in an MS Word Document","Insert Symbols in an MS Word Document"
"Pray","Pray"
"Keep Feet Clean","Keep Feet Clean"
"Construct a Small Septic System","Construct a Small Septic System"
"Remove Rust Stains from Paint","Remove Rust Stains from Paint"
"Bathe an Infant","Bathe an Infant"
"Make Taco Soup","Make Taco Soup"
"Optimize Soulseek for Downloading Music","Optimize Soulseek for Downloading Music"
"Learn When to Separate Hamsters","Learn When to Separate Hamsters"
"Buy Pearls","Buy Pearls"
"Make Windows Stop Refusing to Save Images in Any Format Other Than Bitmap","Make Windows Stop Refusing to Save Images in Any Format Other Than Bitmap"
"Find Grocery Coupons","Find Grocery Coupons"
"Understand Philosophical Determinism","Understand Philosophical Determinism"
"Build a Shed","Build a Shed"
"Sanitize an RV or Motor Home Water System with the Sanitize It RSVU03 System","Sanitize an RV or Motor Home Water System with the Sanitize It RSVU03 System"
"Make Firefox Load Pages Faster","Make Firefox Load Pages Faster"
"Do an Open Turn in Swimming","Do an Open Turn in Swimming"
"Tie a Winter Scarf So It Doesn%27t Fall Apart","Tie a Winter Scarf So It Doesn%27t Fall Apart"
"Write a High School President Speech","Write a High School President Speech"
"Cook Real Mexican Food","Cook Real Mexican Food"
"See if He%27s the One","See if He%27s the One"
"Dress for a School Dance or Party %28girls%29","Dress for a School Dance or Party %28girls%29"
"Shave Your Head","Shave Your Head"
"Take Care of Automotive Batteries","Take Care of Automotive Batteries"
"Use the Telephone","Use the Telephone"
"Read Music","Read Music"
"Find Video Game Cheats Online","Find Video Game Cheats Online"
"Check out Cuts%2C Scratches and Abrasions","Check out Cuts%2C Scratches and Abrasions"
"Be an American Idol Judge at Home","Be an American Idol Judge at Home"
"Replace the Ballast in a Fluorescent Lighting Fixture","Replace the Ballast in a Fluorescent Lighting Fixture"
"Use Tom%27s Original wikiHow Article Format","Use Tom%27s Original wikiHow Article Format"
"Make Ice Cubes with an Ice Tray","Make Ice Cubes with an Ice Tray"
"Crochet Right Handed","Crochet Right Handed"
"Make Bisquick Biscuits","Make Bisquick Biscuits"
"Dress for a Casual Mormon Dance","Dress for a Casual Mormon Dance"
"Nosegrab Without a Ramp","Nosegrab Without a Ramp"
"Ollie","Ollie"
"Prepare for a Horse Show","Prepare for a Horse Show"
"Fix a Car That Stalls","Fix a Car That Stalls"
"Use RealVNC","Use RealVNC"
"Clean a Keyboard","Clean a Keyboard"
"Switch to Netscape Dial up Internet Service","Switch to Netscape Dial up Internet Service"
"Throw a Football","Throw a Football"
"Stop Laughing at Inappropriate Times","Stop Laughing at Inappropriate Times"
"Care for an American Toad","Care for an American Toad"
"Create a Secure Password","Create a Secure Password"
"Repair Contact Paper That Is Coming off","Repair Contact Paper That Is Coming off"
"Squelch Malicious Gossip","Squelch Malicious Gossip"
"Deal With Backstabbers","Deal With Backstabbers"
"Go to an Interview","Go to an Interview"
"Remove Wax from Carpet","Remove Wax from Carpet"
"Start Walking for Exercise","Start Walking for Exercise"
"Change the Fuse in a GE Microwave","Change the Fuse in a GE Microwave"
"Play With Gerbils","Play With Gerbils"
"Sell Products and Services","Sell Products and Services"
"Deal With Family Members That Dislike Your Spouse","Deal With Family Members That Dislike Your Spouse"
"Become a Mortician","Become a Mortician"
"Use the wikiHow Forums","Use the wikiHow Forums"
"Choose the Best Method of Water Treatment","Choose the Best Method of Water Treatment"
"Make Your Labrador Retriever Happier","Make Your Labrador Retriever Happier"
"Spruce up Your Home","Spruce up Your Home"
"Get Poker Chips","Get Poker Chips"
"Check Email with Telnet","Check Email with Telnet"
"Send Email Using Telnet","Send Email Using Telnet"
"Change a Tire","Change a Tire"
"Find a Good Web Designer","Find a Good Web Designer"
"Apply Eye Makeup on Fair Skin","Apply Eye Makeup on Fair Skin"
"Disable Simple File Sharing in Windows XP Home Edition","Disable Simple File Sharing in Windows XP Home Edition"
"Keep and Control Records Using Microsoft Access","Keep and Control Records Using Microsoft Access"
"Create a Wireless Network","Create a Wireless Network"
"Solder Stereo Mini Plugs","Solder Stereo Mini Plugs"
"Use Cheats in Unreal Tournament","Use Cheats in Unreal Tournament"
"Circular Breathe","Circular Breathe"
"Use Keyboard Shortcuts in Photoshop","Use Keyboard Shortcuts in Photoshop"
"Paint Wallpaper Using Gardz","Paint Wallpaper Using Gardz"
"Remove Salt Build up on a Zipper","Remove Salt Build up on a Zipper"
"Care for Your Feet and Toenails","Care for Your Feet and Toenails"
"Easily Clean a Garlic Press","Easily Clean a Garlic Press"
"Install Java on Linux","Install Java on Linux"
"Read the Bible","Read the Bible"
"Play Badminton Better","Play Badminton Better"
"Heelflip Board Slide on a Skateboard","Heelflip Board Slide on a Skateboard"
"Understand Dogs and Their Environments","Understand Dogs and Their Environments"
"Make Guacamole","Make Guacamole"
"Get Dried Masking Tape off a Painted Surface","Get Dried Masking Tape off a Painted Surface"
"Attend a Free Will Baptist Worship Service","Attend a Free Will Baptist Worship Service"
"Install a Thule 450 Roof Rack","Install a Thule 450 Roof Rack"
"Record a CD","Record a CD"
"Spear a Fish","Spear a Fish"
"Format a Nokia 6600 Device","Format a Nokia 6600 Device"
"Get Gigs for Your Band","Get Gigs for Your Band"
"Live Life to the Fullest","Live Life to the Fullest"
"Wire an Electric Dryer","Wire an Electric Dryer"
"Drink More Water Every Day","Drink More Water Every Day"
"Make a Vodka Gimlet","Make a Vodka Gimlet"
"Fix a Leaky Washer","Fix a Leaky Washer"
"Get Relief from Sudden Morning Back Aches","Get Relief from Sudden Morning Back Aches"
"Obtain a Prenuptial Agreement","Obtain a Prenuptial Agreement"
"Look up a Definition Online","Look up a Definition Online"
"Pitch Side Arm","Pitch Side Arm"
"Estimate the Number of Dots on a Basketball","Estimate the Number of Dots on a Basketball"
"Wash Dishes","Wash Dishes"
"Write a Letter","Write a Letter"
"Live with Arthritis","Live with Arthritis"
"Disable Reverse Beep in a Toyota Prius","Disable Reverse Beep in a Toyota Prius"
"Jump","Jump"
"Clean Using Professional Techniques","Clean Using Professional Techniques"
"Handle Angry Customers","Handle Angry Customers"
"Appear Normal In Front of Your Enemy or Competitor","Appear Normal In Front of Your Enemy or Competitor"
"Deal With a Married Boyfriend","Deal With a Married Boyfriend"
"Sell Photos","Sell Photos"
"Transfer Your Cellphone Phone Book to Your Prius","Transfer Your Cellphone Phone Book to Your Prius"
"Make a Smoothie","Make a Smoothie"
"Easily Shrink the Size of a Digital Photo Using IrfanView","Easily Shrink the Size of a Digital Photo Using IrfanView"
"Add Bearings to a Skateboard","Add Bearings to a Skateboard"
"Start Bodyboarding","Start Bodyboarding"
"Wash Your Face","Wash Your Face"
"Find a Rock and Gem Club","Find a Rock and Gem Club"
"Plan for Graduate School","Plan for Graduate School"
"Be a Cheerleader","Be a Cheerleader"
"Do the Color Fusion Magic Trick","Do the Color Fusion Magic Trick"
"Choose the Right Bottled Water","Choose the Right Bottled Water"
"Roast a Turkey","Roast a Turkey"
"Address a Letter to a Government Official","Address a Letter to a Government Official"
"Install a Ceiling Fan","Install a Ceiling Fan"
"Make a Frozen Mudslide","Make a Frozen Mudslide"
"Hook up an iPod in a Prius","Hook up an iPod in a Prius"
"Get Low Cost Dental Work","Get Low Cost Dental Work"
"Take Compliments","Take Compliments"
"Copyedit and Proofread Written Work","Copyedit and Proofread Written Work"
"Turn Frizzy Curls Into Beautiful Twirls","Turn Frizzy Curls Into Beautiful Twirls"
"Smooth Talk Your Way out of Trouble","Smooth Talk Your Way out of Trouble"
"Make Cornstarch Paste","Make Cornstarch Paste"
"Fix Fluorescent Light Humming","Fix Fluorescent Light Humming"
"Become School Head Boy or Head Girl","Become School Head Boy or Head Girl"
"Make the Crepe Paper Flowerlets to Cover a Pinata","Make the Crepe Paper Flowerlets to Cover a Pinata"
"Build a Hot Tub Platform","Build a Hot Tub Platform"
"Remove a Boot Sector Virus","Remove a Boot Sector Virus"
"Remove Rust Spots From Tools","Remove Rust Spots From Tools"
"Build Dirt Jumps","Build Dirt Jumps"
"Quit Smoking by Using an Allen Carr Book","Quit Smoking by Using an Allen Carr Book"
"Understand a Friend%27s Interest in Wicca","Understand a Friend%27s Interest in Wicca"
"Replace Shut off Valves","Replace Shut off Valves"
"Respond to a Job Performance Review","Respond to a Job Performance Review"
"Start a LiveJournal","Start a LiveJournal"
"Keep a Cat from Running Away when It Is Moved","Keep a Cat from Running Away when It Is Moved"
"Ask Telemarketers to Stop Calling","Ask Telemarketers to Stop Calling"
"Cure Hiccups","Cure Hiccups"
"Audition For a Musical","Audition For a Musical"
"Spot Someone Born in the Year of the Snake","Spot Someone Born in the Year of the Snake"
"Remove a Knobset Lock","Remove a Knobset Lock"
"View the wikiHow Article of the Day from Your Gmail Account","View the wikiHow Article of the Day from Your Gmail Account"
"Unlock Your Nokia Cell Phone","Unlock Your Nokia Cell Phone"
"Find a Cheap Flight from the US to London","Find a Cheap Flight from the US to London"
"Hollow Out a Coconut","Hollow Out a Coconut"
"Make the Show Desktop Icon in Windows Quick Launch Toolbar","Make the Show Desktop Icon in Windows Quick Launch Toolbar"
"Prevent Pregnancy Stretch Marks","Prevent Pregnancy Stretch Marks"
"Bring a Dog Into the United States","Bring a Dog Into the United States"
"Keep Track of Socks","Keep Track of Socks"
"Choose the Right Divorce Lawyer","Choose the Right Divorce Lawyer"
"Choose a Guitar Amplifier for Rock Music","Choose a Guitar Amplifier for Rock Music"
"Choose a Tent","Choose a Tent"
"Enjoy a Cup Of Japanese Green Tea","Enjoy a Cup Of Japanese Green Tea"
"Hook Up a TV Antenna","Hook Up a TV Antenna"
"Tie Strappy Shoes","Tie Strappy Shoes"
"Do a Heelflip on a Skateboard","Do a Heelflip on a Skateboard"
"Make Your Boyfriend Kiss You","Make Your Boyfriend Kiss You"
"Gamble With a Chance of Winning","Gamble With a Chance of Winning"
"Boil Water","Boil Water"
"Change Your Name on wikiHow","Change Your Name on wikiHow"
"Personalize Your Wedding","Personalize Your Wedding"
"Faux Finish a Wall for a Spanish%2C Mediterranean%2C or Southwestern Look","Faux Finish a Wall for a Spanish%2C Mediterranean%2C or Southwestern Look"
"Do a Backflip","Do a Backflip"
"Handle Divorce Anger","Handle Divorce Anger"
"Avoid Being Banned on Soulseek","Avoid Being Banned on Soulseek"
"Remove Deep Stains from Dishes","Remove Deep Stains from Dishes"
"Publicize Yourself the Right Way on wikiHow","Publicize Yourself the Right Way on wikiHow"
"Choose a Home Water Filter","Choose a Home Water Filter"
"Keep Litter from Clumping in Your Kitty%27s Paws","Keep Litter from Clumping in Your Kitty%27s Paws"
"Implement Redirects in Squid","Implement Redirects in Squid"
"Build a Bean Bag Game","Build a Bean Bag Game"
"Braid a Woman%27s Hair on a Date","Braid a Woman%27s Hair on a Date"
"Take a Screenshot in Microsoft Windows","Take a Screenshot in Microsoft Windows"
"Conduct Process Capability Studies","Conduct Process Capability Studies"
"Chase Somebody on Foot","Chase Somebody on Foot"
"Change Musical Keys on a Piano","Change Musical Keys on a Piano"
"Buy Your First Guitar","Buy Your First Guitar"
"Write a Horoscope","Write a Horoscope"
"Apply False Eyelashes","Apply False Eyelashes"
"Handle Being Locked Out of Your Hotel Room","Handle Being Locked Out of Your Hotel Room"
"Write a Speech","Write a Speech"
"Clean Up Melted Plastic and Wax","Clean Up Melted Plastic and Wax"
"Sleep Better","Sleep Better"
"Throw a Knucklecurve","Throw a Knucklecurve"
"Make Glassy Eyes for Dolls and Puppets","Make Glassy Eyes for Dolls and Puppets"
"Keep Children Entertained While Cleaning","Keep Children Entertained While Cleaning"
"Make Cheap Long Distance Calls from Your Computer with Skype","Make Cheap Long Distance Calls from Your Computer with Skype"
"Say Hello in Different Languages","Say Hello in Different Languages"
"Make Salsa","Make Salsa"
"Put On a Bicycle Chain","Put On a Bicycle Chain"
"Convince Your Parents to Let You Buy a Horse","Convince Your Parents to Let You Buy a Horse"
"Make Apple Crumble","Make Apple Crumble"
"Understand Photographic Laser Printing","Understand Photographic Laser Printing"
"Get Goldfinches to Eat from Your Hand","Get Goldfinches to Eat from Your Hand"
"Make Glazed Carrots","Make Glazed Carrots"
"Heal From Rape and Sexual Assault %28Rape Trauma Syndrome%29","Heal From Rape and Sexual Assault %28Rape Trauma Syndrome%29"
"Cut a Cigar","Cut a Cigar"
"Light a Cigar","Light a Cigar"
"Use Liquid Hand Soap Most Economically","Use Liquid Hand Soap Most Economically"
"Make a Hand Puppet","Make a Hand Puppet"
"Write a Script","Write a Script"
"Eat a Banana","Eat a Banana"
"Prevent Acne","Prevent Acne"
"Wire 3 Prong to Four Prong","Wire 3 Prong to Four Prong"
"Find the Meaning of Life through Christ","Find the Meaning of Life through Christ"
"Create a WWE Costume Shawn Michaels","Create a WWE Costume Shawn Michaels"
"Use Pre Wrap As a Headband Without Tying a Knot","Use Pre Wrap As a Headband Without Tying a Knot"
"Keep Track of Your Keys","Keep Track of Your Keys"
"Sell Old Phonograph Records","Sell Old Phonograph Records"
"Increase the Weight of a Pig","Increase the Weight of a Pig"
"Paint With Watercolors as a Novice","Paint With Watercolors as a Novice"
"Bring out the Happiest You","Bring out the Happiest You"
"Go for Your Dreams","Go for Your Dreams"
"Have Weird %28but Acceptable%29 Taste in Music","Have Weird %28but Acceptable%29 Taste in Music"
"Publish a Poem","Publish a Poem"
"Make Play Dough","Make Play Dough"
"Audition","Audition"
"Select and Buy Jewish Wedding Rings","Select and Buy Jewish Wedding Rings"
"Teach Swim Lessons","Teach Swim Lessons"
"Read the Book of Mormon","Read the Book of Mormon"
"Call Chile from North America","Call Chile from North America"
"Avoid Pornography","Avoid Pornography"
"Draw a Human Head","Draw a Human Head"
"Listen to Your Email from Any Telephone","Listen to Your Email from Any Telephone"
"Compose the First Verse of a Song","Compose the First Verse of a Song"
"Find Museums That Will Buy Your Art","Find Museums That Will Buy Your Art"
"Create a Family in Sims","Create a Family in Sims"
"Remove Mold and Mildew","Remove Mold and Mildew"
"Do a Finger Roll Lay up","Do a Finger Roll Lay up"
"Set up a Drop Ship Business on eBay","Set up a Drop Ship Business on eBay"
"Choose Healthy Snacks","Choose Healthy Snacks"
"Write a Newspaper","Write a Newspaper"
"Get Into a Morning Routine","Get Into a Morning Routine"
"Drive a Car","Drive a Car"
"Clean a Living Room","Clean a Living Room"
"Walk Away from a Fight","Walk Away from a Fight"
"Replace Damaged Roof Shingles","Replace Damaged Roof Shingles"
"Decorate a Kid%27s Room Without Painting","Decorate a Kid%27s Room Without Painting"
"Hack","Hack"
"Organize Files","Organize Files"
"Set Up Your Friends Romantically","Set Up Your Friends Romantically"
"Join the Boy Scouts","Join the Boy Scouts"
"Write a Good Joke","Write a Good Joke"
"Cook Yellow Rice","Cook Yellow Rice"
"Give People Advice","Give People Advice"
"Be Close Friends With the Guy You Like","Be Close Friends With the Guy You Like"
"Live with a College Roommate Who Is Your Total Opposite","Live with a College Roommate Who Is Your Total Opposite"
"Use VNC Virtual Network Computing to Control a Computer Remotely","Use VNC Virtual Network Computing to Control a Computer Remotely"
"Create a Strong Burning Charcoal Fire","Create a Strong Burning Charcoal Fire"
"Add","Add"
"Plan a Backpacking Trip","Plan a Backpacking Trip"
"Build a Log Raft","Build a Log Raft"
"Be Emo","Be Emo"
"Open a Coconut","Open a Coconut"
"Get Started on eBay","Get Started on eBay"
"Ask a Celebrity for an Autograph or Photo","Ask a Celebrity for an Autograph or Photo"
"Quit Drinking Alcohol","Quit Drinking Alcohol"
"Get Inspiration for Your Own Writing","Get Inspiration for Your Own Writing"
"Harvest Lavender","Harvest Lavender"
"Relieve a Tension Headache","Relieve a Tension Headache"
"Make a Pillow","Make a Pillow"
"Rebuild the Relationship with Your Dad After a Remarriage","Rebuild the Relationship with Your Dad After a Remarriage"
"Plan a Trip","Plan a Trip"
"Make Popcorn","Make Popcorn"
"Remove a Stain Using Common Household Ingredients","Remove a Stain Using Common Household Ingredients"
"Tack up a Horse","Tack up a Horse"
"Find Your Spirit Animal","Find Your Spirit Animal"
"Show a Guy That You Like Him","Show a Guy That You Like Him"
"Get a Boyfriend","Get a Boyfriend"
"Cope With Infertility","Cope With Infertility"
"Kiss a Boy","Kiss a Boy"
"Make Cat Toys","Make Cat Toys"
"Make a Sling Shot","Make a Sling Shot"
"Calculate the Distance to the Horizon","Calculate the Distance to the Horizon"
"Avoid the Seven Deadly Sins of Selling","Avoid the Seven Deadly Sins of Selling"
"Sell More Effectively by Asking the Right Questions","Sell More Effectively by Asking the Right Questions"
"See Active Network Connections %28Windows%29","See Active Network Connections %28Windows%29"
"Install the BitTorrent Client","Install the BitTorrent Client"
"Record Shoutcast Streams in Winamp","Record Shoutcast Streams in Winamp"
"Windmill Dunk","Windmill Dunk"
"Play the Keyboard","Play the Keyboard"
"Create a Collage for a Birthday or Valentine%27s Day Card","Create a Collage for a Birthday or Valentine%27s Day Card"
"Write a Ballad","Write a Ballad"
"Fold Paper Into a Secret Note Square","Fold Paper Into a Secret Note Square"
"Make the Equal %22%3D%22 Sign on a Treo 650","Make the Equal %22%3D%22 Sign on a Treo 650"
"Become an Administrative Assistant","Become an Administrative Assistant"
"Repair a Clogged Ice Maker","Repair a Clogged Ice Maker"
"Dress Up That Little Black Dress","Dress Up That Little Black Dress"
"Use Linux","Use Linux"
"Properly Maintain Swimming Pool Water Chemistry","Properly Maintain Swimming Pool Water Chemistry"
"Make Shortbread","Make Shortbread"
"Get a Surf Report from a Cell Phone","Get a Surf Report from a Cell Phone"
"Give a Thank You Speech","Give a Thank You Speech"
"Have a Good Family Life","Have a Good Family Life"
"Create a Bootable Fedora DVD from its CD ISOs","Create a Bootable Fedora DVD from its CD ISOs"
"Dual Boot Windows 2000 and Fedora","Dual Boot Windows 2000 and Fedora"
"Rip Your Own Jeans","Rip Your Own Jeans"
"Train Your Dog to Hunt","Train Your Dog to Hunt"
"Bury Your Burdens","Bury Your Burdens"
"Format a Hard Drive","Format a Hard Drive"
"Delete a Program Completely by Modifying the Registry %28Windows%29","Delete a Program Completely by Modifying the Registry %28Windows%29"
"Make a Simple Animation in Macromedia Flash","Make a Simple Animation in Macromedia Flash"
"Fix Common Internet Problems","Fix Common Internet Problems"
"Create Website Audio","Create Website Audio"
"Become a Veterinarian","Become a Veterinarian"
"Remove Sticky Substances from Fabric","Remove Sticky Substances from Fabric"
"Resize and Create Partitions with Partition Magic 8","Resize and Create Partitions with Partition Magic 8"
"Make a Beaded Necklace","Make a Beaded Necklace"
"Cook Prime Rib","Cook Prime Rib"
"Remove Pet Urine from Carpet","Remove Pet Urine from Carpet"
"Create a Logo for Your Small Business or Website","Create a Logo for Your Small Business or Website"
"File Bankruptcy in the United States","File Bankruptcy in the United States"
"Treat Asthma Attacks","Treat Asthma Attacks"
"Style Your Hair","Style Your Hair"
"Be a Popular Girl","Be a Popular Girl"
"Keep Your Cool About Acting","Keep Your Cool About Acting"
"Sell Used Clothing","Sell Used Clothing"
"Create an ISO File in Linux","Create an ISO File in Linux"
"Make Hot Chocolate Mix from Pure Cocoa","Make Hot Chocolate Mix from Pure Cocoa"
"Create a Simple Web Page with HTML","Create a Simple Web Page with HTML"
"Get a Job As a Teen","Get a Job As a Teen"
"Get to Know Your Boyfriend Better","Get to Know Your Boyfriend Better"
"Get People to Ask You to Babysit for Them","Get People to Ask You to Babysit for Them"
"Tell if a Girl Is Messing with You","Tell if a Girl Is Messing with You"
"Install a Car Stereo","Install a Car Stereo"
"Become a Punk Rocker","Become a Punk Rocker"
"Play the Violin","Play the Violin"
"Clean a Refrigerator","Clean a Refrigerator"
"Fake an Injury","Fake an Injury"
"Play the Flute","Play the Flute"
"Mount Family Pictures for Easy Maintenance","Mount Family Pictures for Easy Maintenance"
"Run a Hockey Offense F1 and F2 Forecheck","Run a Hockey Offense F1 and F2 Forecheck"
"Refresh Your IP Address on a Windows Computer","Refresh Your IP Address on a Windows Computer"
"Add an Extra Hard Drive","Add an Extra Hard Drive"
"Buy a Boat","Buy a Boat"
"Succeed in English Class","Succeed in English Class"
"Stir Fry","Stir Fry"
"Respond When Your 2004 Toyota Prius Stalls","Respond When Your 2004 Toyota Prius Stalls"
"Play Jacks","Play Jacks"
"Fill Out a Money Order","Fill Out a Money Order"
"Repair Holes in Drywall","Repair Holes in Drywall"
"Travel Around the World","Travel Around the World"
"Replace the Radio%27s LCD in a Lexus","Replace the Radio%27s LCD in a Lexus"
"Send a Registered Letter","Send a Registered Letter"
"Manifest Anything","Manifest Anything"
"Become Sociable","Become Sociable"
"Tell if a CD Is Damaged","Tell if a CD Is Damaged"
"Grow Healthy Plants","Grow Healthy Plants"
"Exercise Your Eyes","Exercise Your Eyes"
"Throw a Four Seam Fastball","Throw a Four Seam Fastball"
"Be a Good Wife","Be a Good Wife"
"Do a Flip Throw in Soccer","Do a Flip Throw in Soccer"
"Organize Books","Organize Books"
"Treat a Dry Socket","Treat a Dry Socket"
"Sell on eBay","Sell on eBay"
"Switch from Hotmail to Gmail","Switch from Hotmail to Gmail"
"Write a Batch File","Write a Batch File"
"Change the Oil in Your Car","Change the Oil in Your Car"
"Reset the ABS on a BMW R1100RT Motorcycle","Reset the ABS on a BMW R1100RT Motorcycle"
"Unwobble a Bicycle Rim","Unwobble a Bicycle Rim"
"Cut a Mango","Cut a Mango"
"Turn Documents Into PDFs for Free %28Windows%29","Turn Documents Into PDFs for Free %28Windows%29"
"Remove Water Heater Elements","Remove Water Heater Elements"
"Litter Train a Cat","Litter Train a Cat"
"Remove Hard Water Spots","Remove Hard Water Spots"
"Repair a Sagging or Deflated Aero Air Bed","Repair a Sagging or Deflated Aero Air Bed"
"Design Your Own Home","Design Your Own Home"
"Fix Your Car%27s Air Conditioner","Fix Your Car%27s Air Conditioner"
"Do Common Electrical Repairs","Do Common Electrical Repairs"
"Burn a Music CD Using Windows Media Player 9","Burn a Music CD Using Windows Media Player 9"
"Take Action to Abolish the Death Penalty","Take Action to Abolish the Death Penalty"
"Remove Melted Plastic from a Frying Pan","Remove Melted Plastic from a Frying Pan"
"Thank Friends Whilst Being Sick","Thank Friends Whilst Being Sick"
"Speak Nicely on the Phone","Speak Nicely on the Phone"
"Be Cheerful","Be Cheerful"
"Hold a Spoon","Hold a Spoon"
"Make an Abraham Lincoln Costume","Make an Abraham Lincoln Costume"
"Do a Back Handspring","Do a Back Handspring"
"Do a Back Walkover","Do a Back Walkover"
"Build a Kitchen Table","Build a Kitchen Table"
"Permanently Remove Files from Your Hard Drive","Permanently Remove Files from Your Hard Drive"
"Make Iced Tea","Make Iced Tea"
"Cure a Toothache","Cure a Toothache"
"Sign a Yearbook","Sign a Yearbook"
"Increase the Value of Your Home Inexpensively","Increase the Value of Your Home Inexpensively"
"Get Curly Hair to Turn Into Wavy Hair","Get Curly Hair to Turn Into Wavy Hair"
"Dress for a Formal Occasion %28Girls%29","Dress for a Formal Occasion %28Girls%29"
"Read a Measuring Tape","Read a Measuring Tape"
"Make Sangria","Make Sangria"
"Do a Forward Roll","Do a Forward Roll"
"Do a Log Roll","Do a Log Roll"
"Do a Circle Roll","Do a Circle Roll"
"Make a Stirred Martini","Make a Stirred Martini"
"Create Pay Per Click %28PPC%29 Ad Campaigns for a Local Business","Create Pay Per Click %28PPC%29 Ad Campaigns for a Local Business"
"Win Bullshit","Win Bullshit"
"Break WEP Encryption","Break WEP Encryption"
"Get Rid of Lice","Get Rid of Lice"
"Write a Press Release","Write a Press Release"
"Fill Air in a Car%27s Tires","Fill Air in a Car%27s Tires"
"Buy Stocks","Buy Stocks"
"Tune up Your Windows XP PC","Tune up Your Windows XP PC"
"Mix a Sweet Blue Arctic Cocktail","Mix a Sweet Blue Arctic Cocktail"
"Manage Conflict","Manage Conflict"
"Develop Black and White Film","Develop Black and White Film"
"Use a Magimix","Use a Magimix"
"Transfer Video to DVD Without a Capture Card","Transfer Video to DVD Without a Capture Card"
"Do a Backward Roll","Do a Backward Roll"
"Do an Arabesque With Supported Leg","Do an Arabesque With Supported Leg"
"Do a Shoulder Stand Balance","Do a Shoulder Stand Balance"
"Do a V Sit Balance","Do a V Sit Balance"
"Get a Degree via Distance Learning","Get a Degree via Distance Learning"
"Tune a Guitar","Tune a Guitar"
"Get Your Significant Other to Stop Wearing Ugly Clothes","Get Your Significant Other to Stop Wearing Ugly Clothes"
"Get Rid of a Hangover","Get Rid of a Hangover"
"Eat Dried Fish","Eat Dried Fish"
"Unlock Mobile Phones","Unlock Mobile Phones"
"Repair a HP Series 600 Printer With a Malfunctioning Paper Feed Mechanism","Repair a HP Series 600 Printer With a Malfunctioning Paper Feed Mechanism"
"Remove Programs %28Windows 7%29","Remove Programs %28Windows 7%29"
"Spike Your Hair","Spike Your Hair"
"Choose a Hairstyle","Choose a Hairstyle"
"Stop Spam","Stop Spam"
"Be Down to Earth","Be Down to Earth"
"Set Up Watchfolders in MusicMatch Jukebox","Set Up Watchfolders in MusicMatch Jukebox"
"Find Free Content for Search Engine Optimization","Find Free Content for Search Engine Optimization"
"Develop Color Film","Develop Color Film"
"Paint Miniatures","Paint Miniatures"
"Wiggle Your Small Toe Separately from the Rest of Your Toes","Wiggle Your Small Toe Separately from the Rest of Your Toes"
"Sing","Sing"
"Easily Remove Address Labels from Packages You Receive","Easily Remove Address Labels from Packages You Receive"
"Take Digital Pictures of Pets","Take Digital Pictures of Pets"
"Fix a Leaky Faucet","Fix a Leaky Faucet"
"Know if a Person Is Interested in You","Know if a Person Is Interested in You"
"Run Faster","Run Faster"
"Deal With Children in a Divorce Situation","Deal With Children in a Divorce Situation"
"Make a Natural Large Pore Treatment","Make a Natural Large Pore Treatment"
"Deodorize with Coffee Grounds","Deodorize with Coffee Grounds"
"Make Your Hair Glow %28Coffee Treatment%29","Make Your Hair Glow %28Coffee Treatment%29"
"Make a Radiant Hair Sparkler","Make a Radiant Hair Sparkler"
"Remove Hair Build up Naturally","Remove Hair Build up Naturally"
"Roast a Chicken","Roast a Chicken"
"Obtain Beauty Every Day","Obtain Beauty Every Day"
"Deal With Impossible People","Deal With Impossible People"
"Get Rid of Ear Wax","Get Rid of Ear Wax"
"Prevent Excess Gas","Prevent Excess Gas"
"Condition Your Hair with Beer and Chamomile","Condition Your Hair with Beer and Chamomile"
"Make a Coffee and Egg White Exfoliating Facial","Make a Coffee and Egg White Exfoliating Facial"
"Tame Frizzy Hair Quickly","Tame Frizzy Hair Quickly"
"Make a Frizzy Hair Mask %28Honey and Almond Oil%29","Make a Frizzy Hair Mask %28Honey and Almond Oil%29"
"Etch Glass by Sandblasting","Etch Glass by Sandblasting"
"Become a wikiHow Admin","Become a wikiHow Admin"
"Compress Images Using EasyThumbnails","Compress Images Using EasyThumbnails"
"Remove Wallpaper","Remove Wallpaper"
"Become an Ordained Minister Online","Become an Ordained Minister Online"
"Surf the Web Anonymously with Proxies","Surf the Web Anonymously with Proxies"
"Be Proud%2C Not Cocky and Conceited","Be Proud%2C Not Cocky and Conceited"
"Change the Paper on Fusuma %28Japanese Sliding Doors%29","Change the Paper on Fusuma %28Japanese Sliding Doors%29"
"Naturally Remove Blackheads %28Steam and Towel Method%29","Naturally Remove Blackheads %28Steam and Towel Method%29"
"Make Your Skin Glow in Minutes","Make Your Skin Glow in Minutes"
"Make Hand and Foot Cream","Make Hand and Foot Cream"
"Treat Dry%2C Rough and Wavy Hair","Treat Dry%2C Rough and Wavy Hair"
"Treat Oily Skin with Tomatoes","Treat Oily Skin with Tomatoes"
"Convince Your Parents to Let You Get Dreadlocks","Convince Your Parents to Let You Get Dreadlocks"
"Regain an Estranged Ex%27s Friendship","Regain an Estranged Ex%27s Friendship"
"Take the Sting out of a Burn","Take the Sting out of a Burn"
"Relieve a Toothache and Bleeding Gums","Relieve a Toothache and Bleeding Gums"
"Stop Bleeding Gums","Stop Bleeding Gums"
"Write a Children%27s Story","Write a Children%27s Story"
"Write a Deep and Thoughtful Blog Post People Will Want to Read","Write a Deep and Thoughtful Blog Post People Will Want to Read"
"Start a Medical Malpractice Lawsuit in New York","Start a Medical Malpractice Lawsuit in New York"
"Make a Chocolate Bubble Bath","Make a Chocolate Bubble Bath"
"Care for Hiking Boots","Care for Hiking Boots"
"Convert an Old TV Into a Fish Tank","Convert an Old TV Into a Fish Tank"
"Access Gmail on Desktop Email Software","Access Gmail on Desktop Email Software"
"Shrink Wrap a Pallet","Shrink Wrap a Pallet"
"Become Popular in School","Become Popular in School"
"Teach English As a Foreign Language and Travel the World","Teach English As a Foreign Language and Travel the World"
"Prepare Half a Box of Kraft Macaroni %26 Cheese","Prepare Half a Box of Kraft Macaroni %26 Cheese"
"Make Natural Mood Enhancing Baths","Make Natural Mood Enhancing Baths"
"Get Rid of Old Hair Dye %28coloring%29 Stain on the Face","Get Rid of Old Hair Dye %28coloring%29 Stain on the Face"
"Socialize%2C Be Funny and Make Friends","Socialize%2C Be Funny and Make Friends"
"Save Money on Gas","Save Money on Gas"
"Change Black Ink to Color on a Dell 940 Printer","Change Black Ink to Color on a Dell 940 Printer"
"Install WAMP","Install WAMP"
"Save Money on Mobile Roaming Charges %28for UK Only%29","Save Money on Mobile Roaming Charges %28for UK Only%29"
"Soak for Beautiful Skin","Soak for Beautiful Skin"
"Have Beautiful Eyelashes and Eyebrows Using Castor Oil","Have Beautiful Eyelashes and Eyebrows Using Castor Oil"
"Create Special Characters in Word or Other Applications","Create Special Characters in Word or Other Applications"
"Install the Apache Web Server on a Windows PC","Install the Apache Web Server on a Windows PC"
"Install the MySQL Database Server on Your Windows PC","Install the MySQL Database Server on Your Windows PC"
"Install the PHP Engine on Your Windows PC","Install the PHP Engine on Your Windows PC"
"Install phpMyAdmin on Your Windows PC","Install phpMyAdmin on Your Windows PC"
"Create a Simple Glass Button in Photoshop","Create a Simple Glass Button in Photoshop"
"Install Subversion on Mac OS X","Install Subversion on Mac OS X"
"Get Rid of Flies Around Your Dog%27s Water and Food Bowls","Get Rid of Flies Around Your Dog%27s Water and Food Bowls"
"Make Canadian Pancakes","Make Canadian Pancakes"
"Shampoo a Kitten for Fleas","Shampoo a Kitten for Fleas"
"Join the Navy","Join the Navy"
"Tie a Tie","Tie a Tie"
"Mold Chocolate Candy","Mold Chocolate Candy"
"Study for the TOEFL","Study for the TOEFL"
"Stop an Engine from Overheating","Stop an Engine from Overheating"
"Understand What wikiHow is Not","Understand What wikiHow is Not"
"Create a Product Box in Photoshop","Create a Product Box in Photoshop"
"Make Your Own Sheer Foundation","Make Your Own Sheer Foundation"
"Rock Out on Your Guitar","Rock Out on Your Guitar"
"Research Terrorism","Research Terrorism"
"Survive in Counter Strike Source","Survive in Counter Strike Source"
"Slice a Banana Before It Is Peeled","Slice a Banana Before It Is Peeled"
"Cope With Your Fear of Eating Fruit","Cope With Your Fear of Eating Fruit"
"Repair a Pitched Roof","Repair a Pitched Roof"
"Install Knoppix Linux","Install Knoppix Linux"
"Get the Most out of Co Ed Dorms","Get the Most out of Co Ed Dorms"
"Dress for a High School Dance %28Girls%29","Dress for a High School Dance %28Girls%29"
"Cope if You Want to Become Anorexic","Cope if You Want to Become Anorexic"
"Comfort Your Friend","Comfort Your Friend"
"Do a Dirt Jump","Do a Dirt Jump"
"Create a Free Blog on Blogbus","Create a Free Blog on Blogbus"
"Switch from AOL to Gmail","Switch from AOL to Gmail"
"Mount a Horse","Mount a Horse"
"Breathe","Breathe"
"Attract Readers to a wikiHow Article","Attract Readers to a wikiHow Article"
"Cut Your Fingernails and Toenails","Cut Your Fingernails and Toenails"
"Keep from Getting Logged out of Google AdWords","Keep from Getting Logged out of Google AdWords"
"Stop a Nose Bleed","Stop a Nose Bleed"
"Become a Film Buff","Become a Film Buff"
"Pronounce Latin","Pronounce Latin"
"Take the Time to Pamper Yourself","Take the Time to Pamper Yourself"
"Become a Skydiver","Become a Skydiver"
"Skateboard","Skateboard"
"Catch a Cheating Boyfriend","Catch a Cheating Boyfriend"
"Buy a Purebred Puppy","Buy a Purebred Puppy"
"Find Where Your Hen Lays Eggs","Find Where Your Hen Lays Eggs"
"Make Burret","Make Burret"
"Make Brownies Using a Packet Mix","Make Brownies Using a Packet Mix"
"Make Flavored Oils","Make Flavored Oils"
"Make Flavored Vinegars","Make Flavored Vinegars"
"Make a Pen Magically Disappear","Make a Pen Magically Disappear"
"Install Mac OS X 10 3 %28Panther%29 on Your Windows PC","Install Mac OS X 10 3 %28Panther%29 on Your Windows PC"
"Play Poker","Play Poker"
"Speed Up Firefox by Running It In RAM","Speed Up Firefox by Running It In RAM"
"Avoid Becoming a Religious Zealot","Avoid Becoming a Religious Zealot"
"Build a Home Cinema Subwoofer Cabinet","Build a Home Cinema Subwoofer Cabinet"
"Peel a Banana","Peel a Banana"
"Make a Puppet with an Empty Bottle and a Broom Stick","Make a Puppet with an Empty Bottle and a Broom Stick"
"Whistle","Whistle"
"Brew Your Own Beer","Brew Your Own Beer"
"Listen to Satellite Radio","Listen to Satellite Radio"
"Cover Your Room with Posters","Cover Your Room with Posters"
"Play Double on Double off Dart Game","Play Double on Double off Dart Game"
"Buy Online Using Price Comparison Web Sites","Buy Online Using Price Comparison Web Sites"
"Make a DMG File on a Mac","Make a DMG File on a Mac"
"Attach a Car Battery Cut off Switch","Attach a Car Battery Cut off Switch"
"Find and Shop for Bargains on the Internet","Find and Shop for Bargains on the Internet"
"Use Voicenet to Receive Reminders via Telephone","Use Voicenet to Receive Reminders via Telephone"
"Clean a Plasma TV Screen","Clean a Plasma TV Screen"
"Play Bloody Murder","Play Bloody Murder"
"Do Easy Card Tricks","Do Easy Card Tricks"
"Write a Paragraph","Write a Paragraph"
"Write PHP Scripts","Write PHP Scripts"
"Get Updated when Your Favorite Blogs Have New Posts","Get Updated when Your Favorite Blogs Have New Posts"
"Make a Funny Movie Spoof","Make a Funny Movie Spoof"
"Get Loose Waves","Get Loose Waves"
"Play with a Piglet","Play with a Piglet"
"Make Bread","Make Bread"
"Use BCC in an Email","Use BCC in an Email"
"Fake a Limp","Fake a Limp"
"Reattach an Appliqu%C3%A9 to Fabric","Reattach an Appliqu%C3%A9 to Fabric"
"Make an Avocado and Banana Scrub","Make an Avocado and Banana Scrub"
"Incorporate a Business","Incorporate a Business"
"Deal with Depression","Deal with Depression"
"Grow Healthy Roses by Controlling Powdery Mildew","Grow Healthy Roses by Controlling Powdery Mildew"
"Clean Silver","Clean Silver"
"Hike Safely","Hike Safely"
"Become Ambidextrous","Become Ambidextrous"
"Boil an Easy Egg","Boil an Easy Egg"
"Keep the Peace at Home","Keep the Peace at Home"
"Add an Auxiliary Jack for an MP3 Player to a VW Beta Car Radio","Add an Auxiliary Jack for an MP3 Player to a VW Beta Car Radio"
"Write a How To Article","Write a How To Article"
"Buy IBM%27s OS%2F2 Warp 452 Operating System","Buy IBM%27s OS%2F2 Warp 452 Operating System"
"See in the Dark","See in the Dark"
"Unclog a Toilet","Unclog a Toilet"
"Build a Brick Wall","Build a Brick Wall"
"Sand Compound Joints","Sand Compound Joints"
"Play the Drums Like a Pro","Play the Drums Like a Pro"
"Join the Military and Survive Bootcamp","Join the Military and Survive Bootcamp"
"Avoid Feeling Drowsy After Lunch","Avoid Feeling Drowsy After Lunch"
"Install a Wood Dash Kit","Install a Wood Dash Kit"
"Convince Your Parents to Let You Ride Bareback","Convince Your Parents to Let You Ride Bareback"
"Make Yard Sale Signs","Make Yard Sale Signs"
"Look for Teaching Work in Japan","Look for Teaching Work in Japan"
"Prune an Established Espaliered Apple Tree With Proper Procedure and Timing","Prune an Established Espaliered Apple Tree With Proper Procedure and Timing"
"Select a Ficus benjamina","Select a Ficus benjamina"
"Grow a Ficus Benjamina","Grow a Ficus Benjamina"
"Become Catholic","Become Catholic"
"Look Less Tired When You Wake Up","Look Less Tired When You Wake Up"
"Use Trackback when Blogging","Use Trackback when Blogging"
"Use the HowStuffWorks Website","Use the HowStuffWorks Website"
"Make Bread from Scratch","Make Bread from Scratch"
"Make Yogurt","Make Yogurt"
"Enjoy a Cadbury%27s Creme Egg","Enjoy a Cadbury%27s Creme Egg"
"Adopt a Purebred Dog","Adopt a Purebred Dog"
"Clean Grease Stains on Leather","Clean Grease Stains on Leather"
"Switch Careers","Switch Careers"
"Build a Jump for a Dirt Bike","Build a Jump for a Dirt Bike"
"Use Solar Energy to Heat a Pool","Use Solar Energy to Heat a Pool"
"Fire an Employee","Fire an Employee"
"Make Spicy Mexican Eggs","Make Spicy Mexican Eggs"
"Decide if You Can Start a Home Staging Business","Decide if You Can Start a Home Staging Business"
"Make a Smoothie Bonanza","Make a Smoothie Bonanza"
"Define Love","Define Love"
"Ease a Toothache","Ease a Toothache"
"Choose a Wedding Florist","Choose a Wedding Florist"
"Forge a Knife","Forge a Knife"
"Get Your Significant Other to Treat You Right","Get Your Significant Other to Treat You Right"
"Create a Good Hair Care Routine %28for Men%29","Create a Good Hair Care Routine %28for Men%29"
"Act as a wikiHow Admin","Act as a wikiHow Admin"
"Deal with a Sick Rabbit","Deal with a Sick Rabbit"
"Keep a Happy Hamster","Keep a Happy Hamster"
"Create a Favicon.ico","Create a Favicon.ico"
"Impress Your Teachers","Impress Your Teachers"
"Make Creamy Chicken Broccoli","Make Creamy Chicken Broccoli"
"Make a Grilled Cheese Sandwich","Make a Grilled Cheese Sandwich"
"Exchange Your Home for Free Vacation Accommodation","Exchange Your Home for Free Vacation Accommodation"
"Build an External Hard Drive","Build an External Hard Drive"
"Rap","Rap"
